Input File,Rank Method,Feature Selection,Model Type,Average Type,Number of Features,Removed Features,Best K-Fold F1 Score,Final Test Accuracy,Final Test Precision,Final Test Recall,Final Test F1 Score,Final Test FPR,Final Test FNR,Ranking Time Taken,Feature Selection Time Taken,Evaluation Time Taken,Total Time Taken
all_test_20.csv,WFI-RF,RFE,XGB,micro,13,"crc_rate, address",0.9642694583522986,0.9602221008556344,0.9602221008556344,0.9602221008556344,0.9602221008556344,0.0004628558204119417,0.17869415807560138,3.629425287246704,8.95124888420105,4.965442180633545,17.5461163520813
all_test_20.csv,WFI-RF,RFE,XGB,weighted,13,"crc_rate, address",0.962602354434211,0.9602221008556344,0.9594461732740861,0.9602221008556344,0.9584869730511658,0.0004628558204119417,0.17869415807560138,3.629425287246704,8.95124888420105,4.852081060409546,17.4327552318573
