Name,index,Random Forest Feature Importance
cycle_time,4,0.17358696200712467
reset_rate,2,0.170335660824188
setpoint,0,0.16363611696821742
gain,1,0.14763174551942745
deadband,3,0.11979823354845959
rate,5,0.10439912383187362
system_mode,6,0.05192298419250593
pump,8,0.05014147897430149
control_scheme,7,0.01854769413390206
