Name,index,Random Forest Feature Importance
pressure_measurement,10,0.5276736283511367
setpoint,0,0.08867019685459919
reset_rate,2,0.08472921656897038
deadband,3,0.07489877443224041
crc_rate,11,0.057272799951861304
cycle_time,4,0.0564213103863834
gain,1,0.050223056960795376
system_mode,6,0.01498439051028817
solenoid,9,0.013537699497588016
pump,8,0.012235848929618029
control_scheme,7,0.011589048330199558
rate,5,0.007764029226319252
