Name,index,XGBoost Feature Importance
pressure_measurement,10,0.350216
system_mode,6,0.07999096
setpoint,0,0.06970651
cycle_time,4,0.061432913
reset_rate,2,0.0604597
deadband,3,0.059807323
control_scheme,7,0.0591103
solenoid,9,0.057730656
pump,8,0.056701705
gain,1,0.055546448
rate,5,0.05088694
crc_rate,11,0.038410563
