Name,index,XGBoost Feature Importance
length,2,0.25457934
address,0,0.2230342
function,1,0.17240682
rate,8,0.12180225
pump,11,0.045168508
crc_rate,14,0.0384292
pressure_measurement,13,0.023088343
gain,4,0.022084529
cycle_time,7,0.020403665
system_mode,9,0.017653454
setpoint,3,0.013965363
reset_rate,5,0.013708279
control_scheme,10,0.012387382
deadband,6,0.011281616
solenoid,12,0.0100069605
