Name,index,XGBoost Feature Importance
length,2,0.25403774
address,0,0.2249413
function,1,0.1764165
rate,8,0.1164972
pump,11,0.045825653
crc_rate,14,0.036350287
pressure_measurement,13,0.023594175
gain,4,0.023523804
cycle_time,7,0.021016264
system_mode,9,0.0172665
setpoint,3,0.014200651
reset_rate,5,0.01368034
control_scheme,10,0.0117093045
deadband,6,0.011088288
solenoid,12,0.009852043
